<mxGraphModel><root><mxCell id="0"/><mxCell id="1" parent="0"/><mxCell id="2" parent="1" value="A" vertex="1"><mxGeometry as="geometry" height="60.0" width="60.0" x="200.0" y="50.0"/></mxCell><mxCell id="3" parent="1" value="B" vertex="1"><mxGeometry as="geometry" height="60.0" width="60.0" y="200.0"/></mxCell><mxCell id="4" parent="1" value="C" vertex="1"><mxGeometry as="geometry" height="60.0" width="60.0" x="500.0" y="300.0"/></mxCell><mxCell id="5" parent="1" value="D" vertex="1"><mxGeometry as="geometry" height="60.0" width="60.0" x="300.0" y="400.0"/></mxCell><mxCell id="6" parent="1" value="E" vertex="1"><mxGeometry as="geometry" height="60.0" width="60.0" x="500.0" y="600.0"/></mxCell><mxCell edge="1" id="7" parent="1" source="2" target="3" value=""><mxGeometry as="geometry" relative="1"/></mxCell><mxCell edge="1" id="8" parent="1" source="3" target="4" value=""><mxGeometry as="geometry" relative="1"/></mxCell><mxCell edge="1" id="9" parent="1" source="2" target="4" value=""><mxGeometry as="geometry" relative="1"/></mxCell><mxCell edge="1" id="10" parent="1" source="2" target="5" value=""><mxGeometry as="geometry" relative="1"/></mxCell><mxCell edge="1" id="11" parent="1" source="4" target="6" value=""><mxGeometry as="geometry" relative="1"/></mxCell><mxCell edge="1" id="12" parent="1" source="5" target="4" value=""><mxGeometry as="geometry" relative="1"/></mxCell></root></mxGraphModel>